Ziva Reyna, Junior
Alfie-James Mcdonald, Dev
Sanjeev Proctor, Dev
Poppy-Mae Hartman, Dev
Ptolemy Woodard, Dev
Sheridan Rubio, Junior
India Velez, Dev
Willard Sanchez, Dev
Kobe Little, Dev
Terence Harvey, Junior
Jana Britt, Junior
Abbas Wilks, Junior
Cari Lawrence, Dev
Renesmee Roth, Junior
Arielle Redman, Dev
Aedan Fernandez, Dev
Rex Houghton, Junior
Waqar Li, Dev
Pooja Travers, Junior
Harper-Rose Robson, Senior
Koby Kaiser, Senior
Peyton Brown, Junior
Octavia Ochoa, Senior
Florence Bostock, Senior
Paisley Buckley, Senior
Joss Tapia, Dev
Cleo Higgins, Dev
Reece Beard, Dev
Kaycee Humphries, Dev
Clay Langley, Dev
Sky Ingram, Dev
Drew Power, Dev
Elisha Squires, Dev
Imani Cresswell, Senior
Christy Mata, Senior
Falak Dominguez, Senior
Jamie-Leigh Sharp, Senior
Fallon Farmer, Senior
Courtney Parkinson, Architekt
Nana Hughes, Architekt
Blake Sims, Architekt
Sonya Pike, Architekt
Cassidy Russo, Junior
Cai O'Brien, Junior
Ramone Coles, Junior
Marley Cain, Dev
Michele Lowry, Dev
Zhane Roman, Dev
Willa Horne, Dev
Brandy Trejo, Dev
Parker Pena, Dev
Ira Mann, Dev
Billy Sawyer, Dev
Jose Rees, Dev
Anika Witt, Dev